"","Player","Position","Points","Total.Rebounds","Assists","Steals","Blocks","Missed.Field.Goals","Missed.Free.Throws","Turnovers","Games.Played","Efficiency.Index","Salary..."
"1","Aaron Brooks","PG",491,101,180,30,10,281,15,82,69,0.485309424530378,2e+06
"2","Aaron Gordon","PF",719,507,128,59,55,305,64,66,78,1.53286008801712,4171680
"3","Aaron Harrison","SG",18,15,2,6,0,14,7,4,21,-0.0267861504874665,525093
"4","Adreian Payne","PF",132,111,29,16,11,92,9,36,52,0.238144181409982,1938840
"5","Al Horford","C",1249,596,263,68,121,519,26,107,82,2.81349420026939,1.2e+07
"6","Al Jefferson","C",562,301,70,30,41,260,39,34,47,1.65082098540281,13833333
"7","Al-Farouq Aminu","SF",839,499,138,72,53,420,41,120,82,1.54548266989716,7500000
"8","Alan Anderson","SG",65,27,14,4,1,38,4,2,13,0.753180662782483,4e+06
"9","Alan Williams","PF",29,38,5,4,5,14,5,6,10,0.637903942911396,114285
"10","Alec Burks","SG",412,109,63,18,4,197,35,51,31,0.12556444869057,9213484
"11","Alex Len","C",703,594,97,38,62,360,65,145,78,0.777842684673453,3807120
"12","Alex Stepheson","PF",2,2,0,0,2,0,2,0,4,0.026213686501406,61776
"13","Alexis Ajinca","C",352,269,31,19,36,165,10,54,59,0.757455169280346,4300000
"14","Allen Crabbe","SG",832,216,99,63,16,367,15,64,81,1.43940720529548,947276
"15","Alonzo Gee","SF",325,245,72,63,13,123,22,55,73,1.10122422493501,1375000
"16","Amar'e Stoudemire","C",300,222,27,18,41,96,17,47,52,0.938315725665504,1499187
"17","Amir Johnson","PF",577,505,138,52,83,177,52,94,79,1.74198364342507,1.2e+07
"18","Anderson Varejao","C",58,50,15,5,5,27,13,6,22,0.49072828042732,458575
"19","Andre Drummond","C",1314,1198,67,119,112,508,378,155,81,1.72040861757959,3272091
"20","Andre Iguodala","SF",457,263,219,73,19,192,32,79,65,1.78939884459126,11710456
"21","Andre Miller","PG",56,27,29,7,0,25,4,12,13,0.615671727421341,396844
"22","Andre Roberson","SG",337,251,47,53,42,138,21,35,70,2.20193755927789,1210800
"23","Andrea Bargnani","C",304,97,18,4,9,152,10,26,46,0.11011102752953,1362900
"24","Andrew Bogut","C",375,492,162,33,114,104,26,83,70,2.31206151194877,1.2e+07
"25","Andrew Goudelock","PG",22,2,4,6,2,11,1,7,8,0.518613582670665,200600
"26","Andrew Nicholson","PF",384,201,25,10,22,164,14,41,56,0.453290801989912,2380594
"27","Andrew Wiggins","SF",1675,292,164,78,46,700,135,182,81,-0.135352727342641,5758680
"28","Anthony Bennett","PF",28,23,0,5,0,19,1,4,19,0.206421192594219,947276
"29","Anthony Brown","SF",115,70,19,14,5,87,3,15,29,0.608208856775031,7e+05
"30","Anthony Davis","PF",1481,627,116,78,125,576,104,121,61,2.31798924533908,7070730
"31","Anthony Morrow","SG",380,62,24,22,5,197,10,17,68,0.379386820736804,3344000
"32","Anthony Tolliver","PF",383,229,52,26,16,204,18,28,72,0.683869368872621,3e+06
"33","Archie Goodwin","PG",505,142,118,27,13,246,63,100,57,-0.038798533404915,1160160
"34","Aron Baynes","C",514,384,51,21,52,190,39,67,81,0.822358422164551,6500000
"35","Arron Afflalo","SG",909,266,144,25,10,445,21,82,71,1.1448502927613,8e+06
"36","Austin Rivers","SG",593,130,99,48,9,290,37,61,67,0.631425181348988,3100000
"37","Avery Bradley","SG",1155,220,158,117,19,563,27,109,76,1.81135060332303,7730337
"38","Axel Toupane","SF",76,31,15,7,6,45,4,6,21,0.560428567087316,123552
"39","Ben McLemore","SG",531,148,79,52,10,260,29,99,68,0.537075198006829,3156600
"40","Beno Udrih","PG",158,63,90,11,0,86,2,42,36,0.461626082701493,2170465
"41","Bismack Biyombo","C",454,655,29,19,133,132,84,71,82,1.44289905083908,3e+06
"42","Blake Griffin","PF",749,294,170,28,17,302,53,83,35,1.2145300357692,18907725
"43","Boban Marjanovic","C",297,194,21,12,23,69,27,29,54,0.737905750886107,1200000
"44","Bobby Portis","PF",436,337,52,25,22,250,18,54,62,0.763946529872638,1391160
"45","Bojan Bogdanovic","SF",887,255,99,29,5,425,22,115,79,0.273508720367915,3425510
"46","Boris Diaw","PF",485,233,176,26,21,181,20,97,76,0.739536569877379,7e+06
"47","Bradley Beal","SG",958,188,162,54,11,440,41,112,55,1.00824842837571,5694674
"48","Brandan Wright","PF",83,43,6,5,15,17,11,10,12,0.92346290365124,5500000
"49","Branden Dawson","PF",5,4,0,0,1,3,0,0,6,0.198736406319208,525093
"50","Brandon Bass","PF",473,285,74,33,55,143,23,42,66,1.55979376576983,3e+06
"51","Brandon Jennings","PG",175,50,100,18,5,102,10,35,25,0.866689057036144,8344497
"52","Brandon Knight","SG",1018,202,263,61,20,524,27,177,52,1.51636034599606,1.2e+07
"53","Brandon Rush","SG",305,181,57,20,23,149,10,33,72,1.24634197005865,1270964
"54","Brian Roberts","PG",60,12,16,3,1,27,2,7,21,0.209662849023901,2854940
"55","Briante Weber","PG",2,1,1,0,0,0,0,0,1,0.525353792191918,12355
"56","Brook Lopez","C",1501,573,147,58,124,566,86,175,73,1.75911995541421,2e+07
"57","Bruno Caboclo","SF",3,2,1,2,1,11,0,4,6,-0.0984034022030084,1524000
"58","Bryce Cotton","PG",4,0,0,0,0,0,0,0,5,0.0477937118590917,64622
"59","Bryce Dejean-Jones","SG",79,48,15,10,2,41,10,11,14,0.870787471878887,281659
"60","C.J. McCollum","SG",1666,259,341,97,23,790,39,196,80,1.63192786543132,2525160
"61","C.J. Miles","SF",753,175,63,53,29,375,31,70,64,0.676981624590781,4394225
"62","C.J. Watson","PG",142,66,88,19,5,90,5,25,33,0.97037190912136,5e+06
"63","C.J. Wilcox","SG",70,12,10,10,2,40,3,2,23,0.507652160282591,1159680
"64","Cameron Bairstow","C",34,28,6,2,3,27,1,4,18,0.238716117105512,845059
"65","Cameron Payne","PG",283,85,108,36,6,164,5,44,57,0.759811788163589,2021520
"66","Carl Landry","PF",351,146,32,12,9,111,24,22,36,0.63125854928773,6500000
"67","Carmelo Anthony","SF",1573,556,299,62,38,740,69,176,72,1.58567536044248,22875000
"68","Caron Butler","SF",63,22,10,9,1,34,2,3,17,0.603065562925821,1499187
"69","Chandler Parsons","SF",837,285,169,46,21,331,43,95,61,1.21954741364316,15361500
"70","Channing Frye","C",196,93,26,8,8,90,3,13,26,0.908877363974906,7807579
"71","Charlie Villanueva","PF",319,152,24,18,15,202,2,31,62,0.435704530736859,1499187
"72","Chase Budinger","SF",216,121,49,29,9,113,14,31,49,0.717970675157264,5e+06
"73","Chris Andersen","C",92,89,9,14,10,28,10,7,20,1.40803475521058,5e+06
"74","Chris Bosh","PF",1010,390,128,36,34,409,55,78,53,1.26393566147517,22192730
"75","Chris Johnson","SF",205,132,45,32,20,122,8,40,70,0.648760259848795,981348
"76","Chris Kaman","C",44,24,11,1,1,23,0,8,16,0.189896213813104,5e+06
"77","Chris McCullough","PF",112,68,9,28,12,65,12,15,24,1.13157605531987,1140240
"78","Chris Paul","PG",1446,310,738,152,13,599,34,194,74,2.85683814483728,21468696
"79","Christian Wood","PF",61,38,3,5,7,31,8,2,17,0.458316409085379,305789
"80","Chuck Hayes","C",4,8,2,0,0,1,0,3,2,0.0316593557261755,83583
"81","Cleanthony Early","SF",31,26,6,2,3,28,1,9,17,0.180974172724838,845059
"82","Cliff Alexander","PF",10,6,0,1,2,5,0,1,8,0.323533882433667,525093
"83","Clint Capela","C",542,494,47,59,92,166,131,60,77,1.50718624206494,1242720
"84","Cody Zeller","C",638,455,71,57,63,206,57,68,73,1.7095961509853,4204200
"85","Cole Aldrich","C",328,288,50,47,68,91,24,64,60,1.64601627882607,1100600
"86","Corey Brewer","SF",590,199,109,84,19,340,35,78,82,0.770662889020192,8200000
"87","Cory Jefferson","PF",22,16,0,0,1,13,2,0,8,0.105404824800446,421449
"88","Cory Joseph","SG",677,210,250,63,20,328,41,102,80,1.38317205361168,7e+06
"89","Coty Clarke","SF",6,1,0,0,0,2,0,1,3,-0.0697214950024566,61776
"90","Courtney Lee","SG",250,87,60,33,12,122,3,23,28,2.49715753388832,5675000
"91","Cristiano Felicio","C",105,102,26,6,13,32,10,13,31,0.835166183493492,525090
"92","D.J. Augustin","PG",325,52,132,25,2,127,17,54,28,0.722540650998461,3e+06
"93","D'Angelo Russell","PG",1054,274,266,93,13,564,50,196,80,0.738517439415702,5103120
"94","Dahntay Jones","SF",13,5,2,1,2,8,0,0,1,3.46433472867296,8819
"95","Damian Lillard","PG",1879,302,512,65,28,856,50,242,75,1.28863221950801,4236287
"96","Damien Inglis","SF",36,31,10,6,3,24,1,11,20,0.401244744223545,855000
"97","Damjan Rudez","SF",75,20,11,3,1,37,0,13,33,0.0902975088142951,1149500
"98","Danilo Gallinari","SF",1036,281,135,42,19,413,57,77,53,1.06478750474035,1.4e+07
"99","Danny Green","SG",572,303,141,79,64,350,12,75,79,2.79616928247505,1e+07
"100","Dante Cunningham","SF",484,236,77,42,33,226,25,41,80,0.994138510072157,3e+06
"101","Darrell Arthur","PF",527,293,96,53,48,268,13,66,70,1.46049352595101,2814000
"102","Darren Collison","PG",1035,169,318,76,4,399,32,130,74,1.05771516597246,5013559
"103","Darrun Hilliard","SG",152,45,27,9,1,79,11,19,38,0.159879796383822,525093
"104","David Lee","PF",214,130,54,12,13,105,11,38,30,0.718923541224951,15493680
"105","David West","PF",554,309,143,44,55,204,17,68,78,1.58554694586655,1499000
"106","DeAndre Jordan","C",980,1059,90,51,177,151,353,107,77,2.17703289870573,19500000
"107","Delon Wright","PG",103,37,31,8,3,44,9,16,27,0.383263559516666,1509360
"108","DeMar DeRozan","SG",1830,349,315,81,21,763,98,175,78,1.24975787797379,9500000
"109","DeMarcus Cousins","C",1748,747,214,101,92,731,187,249,65,1.73349322632744,14728844
"110","DeMarre Carroll","SF",286,122,27,44,6,165,20,28,26,1.16222146282406,13500000
"111","Dennis Schroder","PG",879,204,349,70,9,452,38,183,80,0.660351521828961,1763400
"112","Deron Williams","PG",918,190,378,61,14,454,27,150,65,1.20112828356647,5500000
"113","Derrick Favors","PF",1016,503,94,74,91,393,74,104,62,1.95604302881385,11933333
"114","Derrick Rose","PG",1080,225,311,44,14,601,37,175,66,0.56184957665558,20093063
"115","Derrick Williams","SF",746,296,75,29,9,311,62,61,80,0.309445660826047,4900000
"116","Devin Booker","SG",1048,187,200,44,20,500,41,160,76,0.56252955549006,2127840
"117","Devin Harris","PG",487,138,118,60,13,207,39,66,64,0.859025786037337,4053000
"118","Devyn Marble","SG",60,38,12,13,1,50,14,7,28,0.158371982465942,845059
"119","Dewayne Dedmon","C",255,228,13,22,46,78,19,32,58,1.01701448422295,947278
"120","Dion Waiters","SG",762,202,154,81,15,424,45,120,78,0.850505870210504,5138430
"121","Dirk Nowitzki","PF",1372,489,132,52,52,614,30,84,75,1.64367365463246,8333334
"122","Donald Sloan","PG",424,173,268,32,4,196,26,80,61,0.954782422193901,1015421
"123","Donatas Motiejunas","PF",230,109,41,17,5,115,19,44,37,0.0498584348485612,2288205
"124","Doug McDermott","SF",764,195,59,14,6,353,12,53,81,0.379801237961576,2380440
"125","Draymond Green","PF",1131,769,598,119,113,418,100,259,81,3.25056031894697,14300000
"126","Drew Gooden","PF",82,85,13,8,11,70,5,13,30,0.475828494332122,3300000
"127","Duje Dukan","SF",6,4,1,1,0,8,0,0,1,1.0054723958277,525093
"128","Dwight Howard","C",976,835,98,69,113,228,242,166,71,1.67441062011728,22359364
"129","Dwight Powell","PF",399,273,44,36,24,150,37,40,69,0.791006156931487,845059
"130","Dwyane Wade","SG",1409,302,344,79,42,643,84,203,74,1.51121936751553,2e+07
"131","E'Twaun Moore","SG",443,133,99,37,18,202,13,53,59,1.37180223643977,1015421
"132","Ed Davis","PF",526,599,88,57,72,131,90,64,81,1.52977497925551,7e+06
"133","Elfrid Payton","PG",778,261,468,89,20,412,78,177,73,1.14924414834878,2505720
"134","Elijah Millsap","SG",36,35,19,7,3,28,5,9,20,0.696348609984416,362878
"135","Elliot Williams","PG",8,4,4,0,0,8,1,1,5,-0.0361833923967256,55722
"136","Elton Brand","C",70,63,18,9,8,41,1,11,17,1.10193824410547,890693
"137","Emmanuel Mudiay","PG",872,232,372,65,35,576,69,217,68,0.601288997093982,3102240
"138","Enes Kanter","C",1038,664,33,26,33,305,51,115,82,0.963853874414517,16400000
"139","Eric Bledsoe","PG",632,125,190,63,19,269,34,110,31,1.93004559247986,13086957
"140","Eric Gordon","SG",686,99,121,43,14,321,14,73,45,1.38127904427849,15514031
"141","Eric Moreland","PF",8,11,1,0,4,3,2,3,8,0.13926444842816,845059
"142","Erick Green","PG",13,5,2,1,0,7,0,0,6,0.339443265258303,99418
"143","Ersan Ilyasova","PF",178,121,12,14,6,89,13,12,22,0.89390852777638,7900000
"144","Evan Fournier","SF",1213,225,213,96,2,500,39,133,79,1.01861419862691,2288205
"145","Evan Turner","SG",854,397,359,80,28,410,31,169,81,2.43984660701387,3425510
"146","Festus Ezeli","C",320,257,32,18,50,103,62,38,46,1.07259532664609,2008748
"147","Frank Kaminsky","C",606,335,98,38,43,310,40,58,81,0.998542347736705,2612500
"148","Garrett Temple","SF",582,212,140,69,18,304,34,64,80,0.954275475919814,1100602
"149","Gary Harris","SG",932,220,147,97,18,406,24,98,76,1.78029163385417,1587480
"150","Gary Neal","SG",390,83,47,20,1,174,8,29,40,0.778087940491825,2100000
"151","George Hill","PG",894,298,259,83,17,413,36,101,74,1.65131665848027,8e+06
"152","Gerald Green","SG",616,163,56,38,19,357,20,46,69,0.924831564022737,1356000
"153","Gerald Henderson","SG",624,211,75,39,19,297,34,68,72,0.944185047545673,6e+06
"154","Giannis Antetokounmpo","PG",1350,612,345,94,113,500,113,208,80,3.34959618364448,1953960
"155","Glenn Robinson","SF",171,68,26,17,9,86,12,18,45,0.414645712922646,845000
"156","Goran Dragic","PG",1018,277,419,71,17,458,45,185,72,1.31837705131287,14780000
"157","Gordon Hayward","SF",1578,397,296,95,27,681,84,202,80,0.989795176396652,15409570
"158","Gorgui Dieng","C",827,585,143,94,96,271,43,140,82,2.27122256547792,1474440
"159","Greg Monroe","C",1210,696,178,72,67,450,80,129,79,2.12069277856591,16400000
"160","Greg Smith","PF",43,42,6,4,1,14,10,7,18,0.0223245296266161,247623
"161","Greivis Vasquez","PG",130,47,91,10,0,93,4,40,23,0.375157205216287,6600000
"162","Harrison Barnes","SF",774,325,117,41,10,338,32,57,66,1.19797296440564,3873398
"163","Hassan Whiteside","C",1040,865,30,44,269,269,115,137,73,2.87791382483995,981348
"164","Henry Sims","C",91,72,9,9,14,44,5,12,14,1.3424123166619,161622
"165","Hollis Thompson","SG",758,272,99,36,24,410,27,76,77,1.1999884087173,947276
"166","Ian Clark","SG",236,68,64,17,13,113,6,43,66,0.617463014202117,947276
"167","Ian Mahinmi","C",660,507,104,65,75,184,93,100,71,1.84805759441582,4e+06
"168","Iman Shumpert","SG",311,203,92,54,19,191,11,57,54,2.00421585303263,9e+06
"169","Isaiah Canaan","SG",846,174,137,56,12,462,30,91,77,0.766038928431987,947276
"170","Isaiah Thomas","PG",1823,243,509,91,9,791,70,220,82,0.865686436870141,6912869
"171","Ish Smith","PG",733,213,348,64,18,440,44,130,50,1.44401170624041,1100602
"172","J.J. Barea","PG",808,152,302,26,2,394,22,113,74,0.500985413931393,4e+06
"173","J.J. Hickson","C",69,45,7,5,2,21,25,9,15,0.12129123622458,366337
"174","J.J. O'Brien","SF",0,1,0,1,0,1,0,0,2,0.381183922061674,105888
"175","J.J. Redick","SG",1226,139,106,42,5,458,23,78,75,0.781651035169837,6867000
"176","J.R. Smith","SG",955,217,130,81,21,497,26,59,77,1.63892644600024,5e+06
"177","Jabari Parker","PF",1070,395,130,69,29,456,53,116,76,0.934216363618621,5152440
"178","Jae Crowder","SF",1038,373,135,126,35,453,43,83,73,2.06020610147672,6e+06
"179","Jahlil Okafor","C",928,373,65,22,61,384,61,124,53,0.612175386659469,4582680
"180","JaKarr Sampson","SF",240,129,30,11,16,116,35,51,47,-0.0895340954027403,845059
"181","Jamal Crawford","SG",1120,145,183,52,12,560,26,113,79,0.705603877175639,5675000
"182","Jameer Nelson","PG",299,115,190,25,5,194,5,66,39,1.10244993861567,4500000
"183","James Anderson","SG",179,86,41,21,14,111,7,42,51,0.793708001824953,1015421
"184","James Ennis","SF",16,7,2,4,2,9,4,2,10,0.144121234606974,845059
"185","James Harden","SG",2376,501,612,139,51,907,117,374,82,2.53923351314233,15756438
"186","James Johnson","PF",287,126,67,29,33,126,29,54,57,0.558999437323489,2500000
"187","James Jones","SF",178,50,14,11,10,84,5,13,48,0.365856446683038,1499000
"188","James Michael McAdoo","PF",117,58,17,10,8,39,23,16,41,0.0292504828830932,845059
"189","James Young","SG",29,26,9,6,1,25,3,5,29,0.306736335247692,1749840
"190","JaMychal Green","PF",578,373,67,46,33,265,34,83,78,0.784476910821964,845059
"191","Jared Cunningham","SG",16,9,1,2,0,10,1,3,4,0.376017873636489,57726
"192","Jared Dudley","PF",638,286,170,75,18,254,26,80,81,1.43394184098305,4250000
"193","Jared Sullinger","PF",834,673,187,75,47,455,58,102,81,1.71469752805498,2269260
"194","Jarell Eddie","SF",63,23,5,5,1,45,0,1,26,0.28041652067905,561716
"195","Jarell Martin","PF",153,86,15,8,7,62,17,19,27,0.153469091211361,1230840
"196","Jarrett Jack","PG",411,136,236,34,7,218,12,94,32,1.59707835763467,6300000
"197","Jason Smith","C",546,219,62,33,65,259,13,57,76,0.973114271284096,4300000
"198","Jason Terry","SG",422,79,103,47,9,225,6,49,72,0.905838745531691,1499187
"199","Jason Thompson","C",87,80,10,8,12,34,4,8,19,1.17425665558542,328955
"200","JaVale McGee","C",172,133,3,5,26,57,18,21,34,0.59921067546816,1270964
"201","Jeff Ayres","C",30,22,5,0,3,11,0,6,17,0.16815276597068,317232
"202","Jeff Green","SF",293,91,40,18,21,153,25,24,27,0.755598858302257,9200000
"203","Jeff Teague","PG",1239,214,470,97,24,554,51,218,79,1.21610828511059,8e+06
"204","Jeff Withey","C",217,173,20,21,53,75,16,28,51,1.13805421446537,947276
"205","Jerami Grant","SF",749,361,135,54,127,348,110,110,77,1.15433509868015,845059
"206","Jeremy Evans","SF",71,54,2,6,9,22,6,7,30,0.496368819744831,1100602
"207","Jeremy Lamb","SG",580,252,77,42,30,280,24,50,66,1.80477949809934,3034356
"208","Jeremy Lin","SG",914,253,235,58,42,428,54,150,78,1.40559844895394,2100000
"209","Jerian Grant","PG",426,143,177,50,10,237,27,87,76,0.630011195696298,1572360
"210","Jerryd Bayless","SG",541,141,163,47,11,252,20,73,52,1.53389430253575,3e+06
"211","Jimmer Fredette","SG",7,0,0,0,0,0,1,1,2,-0.553267026330905,59731
"212","Jimmy Butler","SG",1399,358,321,110,43,565,80,132,67,3.0052834896722,15260000
"213","Joakim Noah","C",124,255,110,18,29,82,23,52,29,2.06167906494658,13400000
"214","Jodie Meeks","SG",22,5,3,0,0,13,0,1,3,0.415818946609576,6270000
"215","Joe Ingles","SF",342,151,96,55,4,167,5,65,81,0.752757679176119,2250000
"216","Joe Johnson","SF",321,68,86,21,2,121,8,43,24,1.23206609771015,414481
"217","Joel Anthony","C",18,21,1,2,12,4,2,2,19,0.51640156604091,2500000
"218","Joffrey Lauvergne","C",465,290,56,13,15,185,7,54,59,0.779605843338419,1709720
"219","John Henson","C",397,221,54,18,109,127,48,64,57,1.28701438698117,2943221
"220","John Jenkins","SG",109,35,26,5,1,48,3,16,22,0.526518051126285,981000
"221","John Wall","PG",1531,379,789,145,59,777,72,318,77,2.57095396097916,15851950
"222","Johnny O'Bryant","PF",200,176,32,18,8,123,13,31,66,0.34857995678028,845059
"223","Jon Leuer","PF",567,373,72,38,30,242,24,75,67,1.04318388315873,1035000
"224","Jonas Jerebko","PF",340,288,62,20,24,168,17,52,78,0.619466424590179,5e+06
"225","Jonas Valanciunas","C",768,547,42,25,80,233,51,85,60,1.65511922414042,4660482
"226","Jonathon Simmons","SG",331,96,58,24,5,120,23,53,55,0.425969664797427,525093
"227","Jordan Adams","SG",7,2,3,3,0,4,2,2,2,0.27959197248424,1404600
"228","Jordan Clarkson","SG",1225,313,192,88,7,623,40,135,79,1.28446441010794,845059
"229","Jordan Farmar","PG",110,25,37,15,2,58,0,18,12,1.35158691407534,191456
"230","Jordan Hamilton","SF",125,62,25,8,3,67,7,17,11,1.00672348009142,119462
"231","Jordan Hill","C",645,451,87,36,37,271,36,92,73,1.06402848403724,4e+06
"232","Jordan McRae","PG",62,12,15,0,1,29,4,9,15,-0.0159346339915043,172972
"233","Jordan Mickey","PF",21,13,1,0,11,14,5,1,16,0.264208592548876,1200000
"234","Jorge Gutierrez","PG",22,7,17,3,0,5,1,6,12,0.322888122961726,301444
"235","Jose Calderon","PG",544,229,299,63,7,246,6,87,72,1.59690062266498,7402812
"236","Josh Huestis","PF",14,10,0,1,2,7,4,3,5,-0.35192784434342,1140240
"237","Josh McRoberts","PF",150,105,81,18,7,93,12,30,42,0.721309557668374,5543725
"238","Josh Richardson","SG",341,107,73,36,25,149,21,35,52,1.49423610699372,525093
"239","Josh Smith","PF",151,67,48,16,13,111,13,36,23,0.344398869943766,1499000
"240","Jrue Holiday","PG",1089,195,391,88,22,525,34,167,65,1.51645783480651,10595507
"241","Julius Randle","PF",919,829,144,53,29,477,77,149,81,0.825181725155374,3132240
"242","Justin Anderson","SF",208,132,29,19,25,104,11,24,55,0.789856631037069,1449000
"243","Justin Harper","PF",13,1,0,1,0,6,1,2,5,-0.223941427300932,99418
"244","Justin Holiday","SG",176,63,45,19,15,91,5,26,27,1.77123412165203,947300
"245","Justise Winslow","SF",502,403,117,68,26,267,37,95,78,1.21946513637445,2481720
"246","Jusuf Nurkic","C",263,175,40,24,44,141,38,55,32,1.00421579410079,1842000
"247","K.J. McDaniels","SF",89,42,10,7,6,43,6,17,37,0.170515529566336,3333333
"248","Karl-Anthony Towns","C",1503,857,161,58,138,528,52,183,82,2.31359173388316,5703600
"249","Kawhi Leonard","SF",1523,493,186,128,71,539,42,105,72,3.14923541355021,16500000
"250","Keith Appling","PG",6,1,1,1,0,6,0,3,5,-0.114115468763475,161776
"251","Kelly Olynyk","C",687,281,105,52,33,303,32,74,69,1.25982595599351,2165160
"252","Kelly Oubre","SF",236,133,13,22,7,121,18,34,63,0.245524392460104,1920240
"253","Kemba Walker","PG",1689,357,421,126,39,763,67,171,81,2.07674106882168,1.2e+07
"254","Kendall Marshall","PG",111,28,73,16,2,75,4,43,30,0.267421558091997,2144722
"255","Kendrick Perkins","C",91,128,31,11,11,35,14,41,37,0.415278153257141,1499200
"256","Kenneth Faried","PF",835,581,79,32,60,277,86,91,67,1.00640470696181,11235955
"257","Kent Bazemore","SF",872,379,171,98,38,405,28,138,75,1.68907107886218,2e+06
"258","Kentavious Caldwell-Pope","SG",1105,282,138,110,17,557,43,105,76,1.63943255345706,2891760
"259","Kevin Durant","SF",2029,589,361,69,85,683,51,250,72,2.73275016457983,20158622
"260","Kevin Garnett","PF",122,150,62,28,10,61,7,16,38,1.59973630246081,8500000
"261","Kevin Love","PF",1234,762,186,58,41,568,56,142,77,1.50159191165655,19500000
"262","Kevin Martin","SG",99,29,12,9,2,55,2,13,16,0.719867460134811,317475
"263","Kevin Seraphin","C",187,126,47,8,36,121,4,43,48,0.515694858489481,2800000
"264","Kevon Looney","PF",9,10,0,0,0,3,0,1,5,0.202845147521419,1131960
"265","Khris Middleton","SG",1434,302,331,131,19,635,35,180,79,2.32577614600896,1.5e+07
"266","Kirk Hinrich","PG",5,12,14,2,1,9,0,3,11,0.524152600776159,2870000
"267","Klay Thompson","SG",1771,306,166,60,49,735,28,138,80,2.02460660095889,15500000
"268","Kobe Bryant","SF",1161,247,184,62,13,715,49,129,66,0.270698396790742,2.5e+07
"269","Kosta Koufos","C",529,423,33,40,70,208,47,48,78,1.28042835270864,7500000
"270","Kostas Papanikolaou","SF",67,40,16,13,5,42,5,21,26,0.338163209498908,350000
"271","Kris Humphries","PF",134,71,13,10,7,54,13,14,21,0.483861047143674,388025
"272","Kristaps Porzingis","PF",1028,526,93,53,134,513,39,121,72,1.85300653921237,4131720
"273","Kyle Anderson","SF",350,244,123,60,29,157,21,59,78,1.28975491199616,1142879
"274","Kyle Korver","SG",739,260,164,60,35,348,9,98,80,1.98665517227792,5746479
"275","Kyle Lowry","PG",1634,365,494,158,34,686,93,225,77,2.10365377017446,1.2e+07
"276","Kyle O'Quinn","PF",309,250,72,20,49,142,14,61,65,0.954987986299695,3750000
"277","Kyle Singler","SF",231,141,24,30,9,135,15,32,68,0.423576410161124,5e+06
"278","Kyrie Irving","PG",1041,157,249,56,18,485,22,124,53,1.30572831090162,14746000
"279","Lamar Patterson","SG",84,50,39,9,2,52,6,23,35,0.436691862351816,525093
"280","LaMarcus Aldridge","PF",1331,632,110,38,81,509,43,99,74,1.85251285509852,19500000
"281","Lance Stephenson","SF",369,115,73,19,6,162,15,46,26,0.997690821723318,9e+06
"282","Lance Thomas","PF",484,131,53,22,7,213,17,57,59,0.186694714203938,1650000
"283","Langston Galloway","PG",625,288,207,77,22,357,28,61,82,1.56228784544524,845059
"284","Larry Nance Jr.","PF",349,312,44,54,23,142,15,41,63,1.50476162224546,1155600
"285","Lavoy Allen","PF",428,424,76,26,42,179,27,69,79,0.9734748947683,3700000
"286","Leandro Barbosa","SG",433,117,82,44,10,199,10,53,68,1.00535969402326,2500000
"287","LeBron James","SF",1920,565,514,104,49,679,132,249,76,2.0536053885537,22971000
"288","Lorenzo Brown","PG",20,7,11,3,1,17,1,9,8,0.172620206438506,111444
"289","Lou Amundson","PF",52,49,12,6,7,34,13,15,29,-0.0382896543412889,1650000
"290","Lou Williams","SG",1028,169,167,62,19,410,72,107,67,0.723354320615082,7e+06
"291","Luc Mbah a Moute","PF",231,171,30,44,19,113,27,34,75,0.609197796585107,1270964
"292","Lucas Nogueira","C",65,46,7,12,12,16,7,11,29,0.680897863440491,1842000
"293","Luis Montero","SG",14,4,1,0,0,14,1,4,12,-0.241971410470035,525093
"294","Luis Scola","PF",664,360,66,46,27,329,23,68,76,0.925006197161324,3e+06
"295","Luke Babbitt","SF",327,148,53,11,7,167,11,23,47,0.710313355041633,1100000
"296","Luol Deng","PF",911,443,140,74,29,406,47,81,74,1.52285143354712,10151612
"297","Manu Ginobili","SG",555,146,177,66,11,238,21,99,58,1.54104090193022,2814000
"298","Marc Gasol","C",861,362,196,50,70,379,42,118,52,2.23592887903699,19700000
"299","Marcelo Huertas","PG",237,90,182,26,7,133,2,80,53,0.76552341689874,525093
"300","Marcin Gortat","C",1012,741,106,47,96,331,61,121,75,2.04678948844976,11217391
"301","Marco Belinelli","SG",696,117,127,37,2,390,23,80,68,0.340782807922376,6333333
"302","Marcus Morris","SF",1131,404,201,67,23,535,68,140,80,0.846876204443591,5e+06
"303","Marcus Smart","PG",558,255,185,91,18,345,37,80,61,1.69607614289586,3431040
"304","Marcus Thornton","SG",118,35,19,13,1,65,5,11,14,1.04017174283114,251107
"305","Mario Chalmers","PG",595,143,211,80,12,240,43,101,55,1.22798462297782,4300000
"306","Mario Hezonja","SF",478,176,109,39,17,237,5,97,79,0.639886577204074,3741480
"307","Markel Brown","SG",363,122,91,38,15,195,23,54,62,0.908881485279509,845059
"308","Markieff Morris","PF",335,158,37,25,17,153,13,45,27,1.14454083717128,8e+06
"309","Marreese Speights","C",512,239,61,19,34,259,20,66,72,0.498481788887178,3815000
"310","Marvin Williams","PF",948,521,110,58,77,409,24,62,81,2.07740534785457,7e+06
"311","Mason Plumlee","C",749,628,226,68,85,250,120,154,82,1.8454650868782,1415520
"312","Matt Barnes","SF",758,420,163,78,57,429,27,121,76,1.72372673151958,3542500
"313","Matt Bonner","C",76,27,9,6,1,28,1,3,30,0.401962092044775,1499187
"314","Matthew Dellavedova","PG",569,162,337,44,9,304,9,116,76,0.971106826698311,1147280
"315","Maurice Harkless","SF",498,280,67,49,35,216,42,62,78,0.877246241753142,2894059
"316","Metta World Peace","SF",176,89,27,22,11,122,17,15,35,0.57665426253903,1499187
"317","Meyers Leonard","PF",511,314,92,8,18,240,11,77,61,0.561802916559798,3075880
"318","Michael Beasley","SF",255,98,16,11,9,98,11,24,20,0.951653603970252,306527
"319","Michael Carter-Williams","PG",623,276,281,80,41,304,56,153,54,2.11683791884708,2399040
"320","Michael Kidd-Gilchrist","SF",89,45,9,3,3,28,9,8,7,0.798156360590854,6331404
"321","Mike Conley","PG",857,164,342,67,16,402,38,84,56,1.66703772077813,9588426
"322","Mike Dunleavy","SF",222,83,39,14,10,111,8,26,31,0.751521269650824,4500000
"323","Mike Miller","SF",63,53,40,13,4,40,0,17,47,0.516721125141727,1499187
"324","Mike Muscala","C",195,117,34,13,27,76,8,27,60,0.606481106657362,947276
"325","Mike Scott","PF",464,206,78,25,17,200,13,42,75,0.739185328291178,3333333
"326","Miles Plumlee","C",314,232,16,21,50,93,25,40,61,0.929205036043839,2109294
"327","Mirza Teletovic","PF",965,302,89,32,21,445,35,84,79,0.399398959013621,5500000
"328","Mitch McGary","PF",26,18,3,1,2,12,6,7,20,-0.201151286259646,1463040
"329","Mo Williams","PG",338,72,98,14,5,170,4,57,41,0.504417747234949,2100000
"330","Monta Ellis","SG",1121,271,383,150,37,585,44,203,81,2.42263049969899,10300000
"331","Montrezl Harrell","PF",140,65,17,11,11,32,22,17,39,0.219051293151166,1e+06
"332","Myles Turner","C",619,332,41,25,86,266,33,67,60,1.24151772144873,2357760
"333","Nate Robinson","PG",0,0,4,1,0,1,0,0,2,0.568598918317122,44000
"334","Nazr Mohammed","C",8,4,0,0,0,2,0,3,5,-0.200626798812279,352750
"335","Nemanja Bjelica","PF",308,210,83,26,21,125,15,47,60,0.955485383545571,4e+06
"336","Nene Hilario","PF",525,259,97,54,26,175,78,76,57,0.592475348871062,1.3e+07
"337","Nerlens Noel","C",747,542,122,118,100,281,93,158,67,2.44301852029451,3457800
"338","Nick Collison","PF",123,171,52,15,16,59,10,50,59,0.440926847057897,3750000
"339","Nick Young","SG",392,97,34,23,7,246,13,30,54,0.481980350522965,5219169
"340","Nicolas Batum","SF",1046,428,403,65,43,501,29,205,70,2.11067331978588,12235750
"341","Nik Stauskas","SG",617,183,138,44,20,335,27,94,73,0.961046545789381,2869440
"342","Nikola Jokic","C",796,560,189,79,50,293,36,104,80,2.23234974757344,1300000
"343","Nikola Mirotic","PF",777,362,100,58,46,361,35,102,66,1.16063258114517,5543725
"344","Nikola Pekovic","C",54,21,11,1,0,31,4,9,12,-0.0381193723133144,12100000
"345","Nikola Vucevic","C",1181,576,179,53,70,513,37,123,65,2.15598169740675,11250000
"346","Noah Vonleh","PF",283,305,30,27,26,161,13,50,78,0.653039518724019,2637720
"347","Norman Powell","SG",273,111,47,29,10,132,10,32,49,1.12658005540734,650000
"348","Norris Cole","PG",477,151,167,37,5,288,13,75,45,0.985870898793939,3036927
"349","O.J. Mayo","SG",321,105,118,48,8,202,9,72,41,1.42105945467428,8e+06
"350","Omer Asik","C",269,414,26,21,23,91,51,60,68,0.665334380982736,1.1e+07
"351","Omri Casspi","SF",813,410,95,56,17,323,56,94,69,1.01618179608799,3e+06
"352","Orlando Johnson","SG",10,6,2,1,0,13,1,3,5,-0.162642347469674,55722
"353","Otto Porter","SF",871,391,120,105,32,378,31,70,75,1.99986455135175,4662960
"354","P.J. Hairston","SF",124,46,9,8,4,86,6,17,18,0.104744129829465,1201440
"355","P.J. Tucker","SF",652,512,177,106,20,343,36,111,82,1.811200993099,5500000
"356","Pablo Prigioni","PG",145,114,130,53,1,92,1,49,59,1.04026991694744,981348
"357","Pat Connaughton","SG",36,32,10,2,0,36,0,10,34,0.16453974253946,525093
"358","Patrick Beverley","PG",700,250,239,94,26,336,28,91,71,1.91511058897356,6500000
"359","Patrick Mills","PG",690,158,226,59,6,352,11,76,81,0.940038390328106,3578947
"360","Patrick Patterson","PF",543,342,94,53,32,289,5,65,79,1.30575814477347,6268675
"361","Pau Gasol","C",1187,793,294,42,146,528,60,164,72,2.77684313714105,7448760
"362","Paul George","SF",1874,563,329,152,29,844,74,265,81,1.6858300060114,17120106
"363","Paul Millsap","PF",1385,732,265,147,139,565,99,191,81,2.93885970191014,1.9e+07
"364","Paul Pierce","SF",417,186,71,33,17,253,12,58,68,0.647198624255097,3400000
"365","Phil Pressey","PG",55,23,46,11,1,34,9,19,14,0.407136802736605,172739
"366","Quincy Acy","PF",307,188,27,29,24,95,18,27,59,0.965795981325632,981348
"367","R.J. Hunter","SG",97,37,13,14,4,62,1,11,36,0.613490160609038,1148640
"368","Rajon Rondo","PG",859,435,839,141,10,427,63,278,72,2.50964683245833,9500000
"369","Rakeem Christmas","PF",4,1,0,0,0,0,0,0,1,0.453371898193288,1e+06
"370","Ramon Sessions","PG",810,203,239,46,5,312,69,115,82,0.388423299979708,2170465
"371","Randy Foye","SG",151,51,49,13,13,97,5,28,27,1.25232992199355,3270000
"372","Rashad Vaughn","SG",217,88,39,29,16,185,3,28,70,0.748446892865003,1733040
"373","Rasual Butler","SF",124,56,24,13,23,55,5,8,46,0.787783540909827,1499187
"374","Raul Neto","PG",476,120,174,62,2,238,18,109,81,0.492410997508608,1e+06
"375","Ray McCallum","PG",68,31,33,5,4,40,1,11,31,0.489344862359167,947276
"376","Raymond Felton","PG",763,258,284,68,15,405,27,121,80,1.19666319196641,3950313
"377","Reggie Bullock","SF",122,68,27,10,2,55,1,8,37,0.677413661841175,1252440
"378","Reggie Jackson","PG",1489,253,492,59,11,704,46,223,79,0.786479211232414,1.4e+07
"379","Richard Jefferson","SF",410,128,59,33,14,169,29,43,74,0.418131425991198,1499000
"380","Richaun Holmes","PF",287,135,33,19,40,108,23,32,51,0.790744877484317,1050000
"381","Ricky Rubio","PG",766,326,658,162,10,367,48,193,76,2.45884952574515,12365000
"382","Robert Covington","SF",858,419,97,105,40,438,37,143,67,1.53509806689661,1e+06
"383","Robert Sacre","C",87,72,14,4,10,44,13,12,25,0.414328541990266,981348
"384","Robin Lopez","C",842,602,114,16,129,305,33,133,82,1.43582059239246,1.3e+07
"385","Rodney Hood","SG",1149,267,213,73,16,564,28,125,79,1.47603031126584,1348440
"386","Rodney Stuckey","PG",517,156,142,43,8,260,27,76,58,0.774227689456226,6500000
"387","Rondae Hollis-Jefferson","SF",167,154,43,39,16,75,15,26,29,1.94800239452888,1335480
"388","Ronnie Price","PG",331,99,147,74,13,186,10,70,62,1.18605285841825,1499187
"389","Roy Hibbert","C",481,398,95,32,110,229,28,76,81,1.39490613441292,15500000
"390","Rudy Gay","SF",1204,456,120,100,51,541,56,139,70,1.62801323903576,12403101
"391","Rudy Gobert","C",557,668,91,45,135,156,122,114,61,2.20527730661707,1175880
"392","Russ Smith","PG",23,9,11,5,1,15,5,7,15,0.0885618900233463,816482
"393","Russell Westbrook","PG",1878,626,834,163,20,788,108,342,80,2.59124056773528,16744218
"394","Ryan Anderson","PF",1124,396,73,38,25,532,29,90,66,0.729957084538812,8500000
"395","Ryan Hollins","C",8,11,0,0,1,3,0,3,5,0.0373303814213047,176375
"396","Ryan Kelly","PF",152,121,20,13,10,94,17,18,36,0.37844662540134,1724250
"397","Salah Mejri","C",125,123,10,8,36,29,19,23,34,0.86433304490195,525093
"398","Sam Dekker","SF",0,1,0,1,0,0,0,0,3,0.303956664126635,1646400
"399","Sasha Kaun","C",23,26,3,4,5,8,6,7,25,0.200635895234099,1300000
"400","Sasha Vujacic","SG",296,149,84,34,5,171,7,44,61,1.08017983434523,1356146
"401","Sean Kilpatrick","SG",318,50,26,10,2,134,6,27,23,0.581623287319553,320594
"402","Serge Ibaka","PF",983,533,66,38,148,453,30,108,78,1.84478916445382,12350000
"403","Sergey Karasev","SF",97,58,35,6,2,44,2,22,40,0.365940401031306,1599840
"404","Seth Curry","PG",299,60,67,22,3,122,9,36,44,0.546885225182079,947276
"405","Shabazz Muhammad","SF",863,267,52,24,7,364,57,70,82,0.0828062063117314,2056920
"406","Shabazz Napier","PG",203,55,97,23,1,133,12,46,55,0.214689610911446,1294440
"407","Shane Larkin","PG",566,180,342,95,12,280,24,146,78,1.24319510880075,1500000
"408","Shaun Livingston","PG",488,169,237,57,27,176,13,78,78,1.51717511650132,5543725
"409","Shayne Whittington","PF",11,12,3,1,1,6,1,5,7,0.00650095673131357,845059
"410","Shelvin Mack","PG",355,106,149,26,3,178,13,81,28,0.923825013108265,2433333
"411","Solomon Hill","SF",246,166,57,37,11,115,6,33,59,1.04431313918122,1358880
"412","Sonny Weems","SF",17,12,2,0,0,14,1,4,7,-0.128193177499824,2800000
"413","Spencer Dinwiddie","PG",58,17,22,3,0,35,14,7,12,-0.449168678487473,845059
"414","Spencer Hawes","PF",340,244,109,22,27,182,11,58,57,1.05140525290957,5543725
"415","Stanley Johnson","SF",593,306,118,55,12,375,22,114,73,0.684017077911881,2841960
"416","Stephen Curry","PG",2375,430,527,169,15,793,37,262,79,2.82642630847316,11370786
"417","Steve Blake","PG",254,89,200,24,5,147,4,81,58,0.622491846175658,2170465
"418","Steve Novak","PF",7,1,0,0,0,4,0,0,3,0.000661341846201674,416886
"419","Steven Adams","C",636,533,62,42,89,165,82,84,80,1.47378082869538,2279040
"420","T.J. McConnell","PG",493,250,367,95,10,246,15,140,81,1.54891226809102,525093
"421","T.J. Warren","SF",515,147,44,37,16,220,19,32,47,1.03090714866857,2041080
"422","Taj Gibson","PF",627,504,106,47,77,237,45,78,73,1.75921023223998,8500000
"423","Tarik Black","C",133,157,16,14,18,47,26,22,39,0.729666006239788,845059
"424","Tayshaun Prince","SF",221,147,73,36,13,127,6,27,77,0.817107746328799,1499187
"425","Terrence Jones","PF",434,211,41,23,39,201,39,49,50,0.548389493160554,2489530
"426","Terrence Ross","SF",720,185,56,54,25,356,13,46,73,0.957809940667657,3553917
"427","Terry Rozier","PG",72,63,37,6,1,77,2,19,39,0.297548851221921,1824360
"428","Thabo Sefolosha","SF",480,334,107,85,37,184,37,68,75,1.64355445548513,4e+06
"429","Thaddeus Young","PF",1102,660,135,112,37,468,58,136,73,1.99173624858556,11200000
"430","Thanasis Antetokounmpo","SF",6,1,0,0,0,1,0,0,2,0.221901930925766,105888
"431","Thomas Robinson","PF",307,359,46,39,36,161,62,69,71,0.410849976054509,981300
"432","Tiago Splitter","C",201,120,30,20,12,74,9,24,36,1.03531623953949,8500000
"433","Tibor Pleiss","C",24,15,2,1,2,14,0,8,12,-0.0622070876459543,3e+06
"434","Tim Duncan","C",522,447,163,47,78,226,39,90,61,2.19910657105622,5e+06
"435","Tim Frazier","PG",51,39,42,10,1,40,7,27,35,0.167199716253751,845059
"436","Tim Hardaway","SG",326,86,51,21,7,151,6,23,51,0.927791849111235,1304520
"437","Timofey Mozgov","C",475,337,33,22,57,156,27,71,76,0.82511430726939,4950000
"438","Tobias Harris","PF",447,168,70,18,12,182,8,30,27,1.87762995543972,1.6e+07
"439","Toney Douglas","PG",531,143,157,70,5,262,15,64,61,1.18515055743871,1164858
"440","Tony Allen","SG",535,296,70,110,18,254,48,78,64,2.02004157928559,5168539
"441","Tony Parker","PG",857,176,379,54,11,360,41,131,72,0.99711891329525,13437500
"442","Tony Snell","SF",338,199,63,16,17,213,3,52,64,0.68875339729223,1535880
"443","Tony Wroten","PG",67,21,20,3,0,43,17,29,8,-2.01702314003055,2179354
"444","Trevor Ariza","SF",1025,366,188,160,26,502,35,113,81,2.04923173321185,8193030
"445","Trevor Booker","PF",463,452,84,59,41,198,35,81,79,1.27992316906764,4775000
"446","Trey Burke","PG",679,112,148,35,6,372,15,80,64,0.445528861516402,2658240
"447","Trey Lyles","PF",488,299,59,26,18,245,25,65,80,0.412205380959705,2239800
"448","Tristan Thompson","PF",643,738,62,38,51,173,93,61,82,1.26029846647256,14260870
"449","Troy Daniels","SG",242,57,21,11,3,98,4,24,43,0.479019003288099,947276
"450","Ty Lawson","PG",64,31,57,10,1,39,3,13,13,1.1993602777242,265058
"451","Tyler Ennis","PG",206,75,95,25,1,103,9,46,46,0.534492782879813,1662360
"452","Tyler Hansbrough","PF",104,89,8,12,7,39,27,12,44,0.0588881867704115,1185784
"453","Tyler Johnson","SG",314,109,79,24,14,125,13,47,36,1.61675325108999,845059
"454","Tyler Zeller","C",364,178,29,10,22,152,20,46,60,0.350533786604083,2616975
"455","Tyreke Evans","SG",379,129,164,32,8,178,19,73,25,2.46089982857819,11227000
"456","Tyson Chandler","C",472,576,64,36,44,131,65,93,66,1.34988881391305,1.3e+07
"457","Tyus Jones","PG",156,47,108,31,3,100,11,33,37,0.733858479766905,1282080
"458","Udonis Haslem","PF",59,75,14,5,2,38,4,5,37,0.369051960266989,2854940
"459","Victor Oladipo","SG",1153,345,282,116,54,545,42,153,72,3.11401020918859,5192520
"460","Vince Carter","SG",395,146,56,38,16,210,14,35,60,1.24227340979653,4088091
"461","Walter Tavares","C",25,21,3,1,6,8,5,5,11,0.320501450841415,1e+06
"462","Wayne Ellington","SG",586,174,83,48,5,343,9,45,76,0.979093603714018,1500000
"463","Wesley Johnson","SF",549,248,49,89,56,307,16,54,80,1.47626807488017,1100600
"464","Wesley Matthews","SG",977,238,151,78,17,523,20,78,78,1.58887085925394,16400000
"465","Will Barton","SG",1178,476,203,71,39,558,52,139,82,2.18170491275359,3333333
"466","Willie Cauley-Stein","C",463,352,37,48,66,148,44,46,66,1.61119511697463,3398280
"467","Willie Reed","PF",182,122,10,6,30,57,25,16,39,0.520979052905211,947276
"468","Xavier Munford","SG",80,31,22,13,3,45,7,15,14,0.967450730274671,89588
"469","Zach LaVine","SG",1150,228,251,69,17,526,42,155,82,1.08926609472148,2148360
"470","Zach Randolph","PF",1040,529,142,43,13,476,44,105,68,0.989204260581813,9638555
"471","Zaza Pachulia","C",650,718,128,64,22,251,64,119,76,1.63992824018558,5200000
